USE waste_coor_system;

INSERT INTO type_of_waste 
	(`name`, `fkko_num`, `hazard_class`, `must_be_neutralized`, `can_be_recycled`, `can_be_recycled_with_profit`, `can_be_buried`)
	VALUES 
		('мусор от офисных и бытовых помещений организаций несортированный (исключая крупногабаритный)', '7 33 100 01 72 4', 4, 0, 0, 0, 1),
		('мусор и смет производственных помещений малоопасный', '7 33 210 01 72 4', 4, 0, 0, 0, 1),
		('мусор и смет производственных помещений практически неопасный', '7 33 210 02 72 5', 5, 0, 0, 0, 1),
		('мусор и смет от уборки складских помещений малоопасный', '7 33 220 01 72 4', 4, 0, 0, 0, 1),
		('мусор и смет от уборки складских помещений практически неопасный', '7 33 220 02 72 5', 5, 0, 0, 0, 1),
		('обтирочный материал, загрязненный лакокрасочными материалами в количестве менее 5%)', '8 92 110 02 60 4', 4, 0, 1, 0, 1),
		('обтирочный материал, загрязненный нефтью или нефтепродуктами (содержание нефти или нефтепродуктов менее 15%)', '9 19 204 02 60 4', 4, 0, 1, 0, 1),
		('опилки и стружка древесные, загрязненные нефтью или нефтепродуктами (содержание нефти или нефтепродуктов менее 15%)', '9 19 205 02 39 4', 4, 0, 1, 0, 1),
		('тара из черных металлов, загрязненная нефтепродуктами (содержание нефтепродуктов менее 15%)', '4 68 111 02 51 4', 4, 0, 1, 0, 1),
		('тара из черных металлов, загрязненная лакокрасочными материалами (содержание менее 5%)', '4 68 112 02 51 4', 4, 0, 1, 0, 1),
		('лом и отходы изделий из полиэтилена незагрязненные (кроме тары)', '4 34 110 03 51 5', 5, 0, 1, 1, 0),
		('лом и отходы, содержащие незагрязненные черные металлы в виде изделий, кусков, несортированные', '4 61 010 01 20 5', 5, 0, 1, 1, 0),
		('стружка черных металлов несортированная незагрязненная', '3 61 212 03 22 5', 5, 0, 1, 1, 0),
		('отходы минеральных масел моторных', '4 06 110 01 31 3', 3, 0, 1, 1, 0);


INSERT INTO companies (`control_method`, `full_name`, `short_name`, `INN`, `is_subsidiary`, `created_at`, `updated_at`) 
VALUES 
	('ООО','Ergonomic assymetric time-frame','Kuhlman-Leannon',532807010525,0,'2016-07-25 06:07:11','2020-10-31 00:19:20'),
	('АО','Down-sized incremental frame','Ratke-Morissette',942798620269,1,'2018-12-18 19:57:41','2021-03-22 22:54:43'),
	('АО','Ergonomic intermediate function','Yost-Gleichner',704817461747,1,'2015-12-01 14:13:34','2016-03-18 23:43:57'),
	('АО','Profound interactive frame','Swaniawski-Hartmann',578226823577,1,'2012-05-19 01:02:06','2017-07-05 17:38:25'),
	('ООО','Team-oriented client-driven GraphicInterface','Keebler-Moore',625518774646,0,'2014-07-13 03:10:04','2019-01-04 13:22:12'),
	('ЗАО','User-friendly fault-tolerant forecast','Lakin, Schimmel and Langworth',318102006793,0,'2017-01-31 20:16:35','2020-08-14 08:28:27'),
	('ООО','Extended web-enabled info-mediaries','Thompson PLC',920736098003,0,'2011-12-29 15:08:57','2017-06-12 17:45:43'),
	('ООО','Quality-focused even-keeled algorithm','Reichel PLC',281798301137,0,'2012-09-09 18:29:04','2013-01-21 23:20:40'),
	('ООО','Open-source encompassing instructionset','Wunsch, Corkery and Daniel',217874091168,0,'2018-03-07 13:33:55','2020-03-17 03:06:57'),
	('ЗАО','Public-key full-range functionalities','Funk PLC',426205939449,0,'2019-07-10 10:36:48','2020-07-03 07:45:22'),
	('АО','Mandatory bifurcated workforce','Boehm, Bruen and Koelpin',734175687738,1,'2015-10-30 09:10:38','2021-02-10 15:20:59'),
	('ЗАО','Devolved zerodefect structure','Sporer-Conroy',841887249226,0,'2014-05-19 00:32:02','2017-06-06 23:58:47'),
	('АО','Innovative optimizing emulation','Ondricka and Sons',764127051968,1,'2017-09-01 16:14:40','2019-10-19 08:04:29'),
	('ООО','Decentralized clear-thinking openarchitecture','Strosin-Zboncak',136073105463,0,'2016-08-08 19:11:39','2019-02-23 11:28:47'),
	('ООО','Re-engineered zerodefect database','Rowe, Braun and Jacobi',725954402110,0,'2016-06-23 05:23:24','2018-05-07 20:58:00'),
	('ООО','Up-sized 3rdgeneration ability','Grant, Witting and Hamill',453751965275,0,'2014-04-15 12:58:23','2015-01-01 12:24:20'),
	('ООО','Stand-alone client-driven matrices','Okuneva Ltd',241072388219,0,'2013-04-21 09:08:22','2018-10-28 21:00:28'),
	('ООО','De-engineered real-time monitoring','Ondricka-Raynor',784599242424,0,'2018-10-14 12:35:59','2018-12-10 15:26:56'),
	('ООО','Right-sized composite framework','Romaguera, Wiegand and Ortiz',207356413664,1,'2013-09-23 17:55:51','2016-09-03 01:16:41'),
	('АО','Persistent 5thgeneration flexibility','Turner LLC',736373046910,1,'2016-06-27 01:45:38','2020-08-07 10:21:49');


INSERT INTO price_list  (`category_name`, `price`) 
VALUES
	('пластик', 100.00),
	('стекло', 420.50),
	('макулатура', 80.50),
	('металл', 120.50),
	('прочее', 630.50);


INSERT INTO workshops (`number`, `name`) VALUES 
	(6,'Kunde-Ward'),(99,'LLC'), (28,'DuBuque'),(48,'Osinski'), (56,'Kuhic-McCullough'),(79,'Cassin-Berge'),
	(25,'Stracke-Boyle'),(11,'Beahan LLC'), (50,'Bogisich-Dach'),(7,'Boehm-Bergnaum'),
	(65,'Dickinson'),(47,'Schinner'), (36,'Kassulke-Luettgen'),(31,'Homenick-Kovacek'),
	(70,'Huels-Ferry'),(17,'Prosacco'), (19,'Jacobi-Harvey'),(96,'Stroman-Sanford'), 
    (37,'Cremin-Padberg'),(15,'Muller');


INSERT INTO contacts (`full_name`, `tel_num`, `email`) VALUES 
	('Mrs. Sasha Gulgowski',89583012745,'maryam.carter@example.org'),
	('Jason Ruecker',89020477147,'okozey@example.com'),
	('Dr. Dasia Auer',89821302061,'barney02@example.com'),
	('Elvie Rohan',89780306561,'june67@example.net'),
	('Kaela Hegmann',89282256498,'arnaldo70@example.net'),
	('Mrs. Leila Lowe',89055909972,'jeremie08@example.org'),
	('Ardith Kub',89834492623,'devante.emmerich@example.org'),
	('Vince Dibbert',89494085642,'rudy50@example.org'),
	('Claudine Graham I',89010253736,'roderick99@example.net'),
	('Milan Prosacco',89749348086,'vandervort.reta@example.net'),
	('Avery Eichmann',89816960649,'kaitlyn.goodwin@example.org'),
	('Miss Allene Schinner II',89339077550,'samson11@example.org'),
	('Yvette Runolfsdottir I',89267308703,'bdonnelly@example.com'),
	('Edison Wolff',89896721774,'fstehr@example.org'),
	('Florida Pagac',89882954758,'luna17@example.net');


INSERT INTO leaders_of_companies VALUES 
	(1,'директор','Edison Bayer','2018-10-16 12:06:26','2020-10-29 02:50:27'),
	(2,'генеральный_директор','Alexis Breitenberg','2015-03-13 23:02:44','2021-04-02 16:50:51'),
	(3,'директор','Vernie Vandervort','2019-02-14 16:09:40','2020-09-07 18:27:45'),
	(4,'генеральный_директор','Dane Hahn IV','2014-01-28 02:35:55','2020-07-31 05:56:47'),
	(5,'директор','Ressie Braun','2015-12-02 12:25:19','2021-04-05 19:45:57'),
	(6,'директор','Dr. Cruz Mayert','2016-06-22 17:22:57','2020-10-11 14:19:58'),
	(7,'генеральный_директор','Aleen Upton','2018-08-03 02:10:37','2020-11-03 16:15:57'),
	(8,'генеральный_директор','Kenneth Pacocha','2011-11-06 14:18:44','2021-01-31 00:09:27'),
	(9,'директор','Nicholas Prohaska','2020-09-01 11:19:58','2021-02-23 05:55:49'),
	(10,'директор','Mrs. Tressa Reinger','2013-08-19 14:44:30','2020-10-09 18:15:47'),
	(11,'директор','Brando Sauer','2013-08-12 04:58:40','2020-10-12 12:23:52'),
	(12,'директор','Chadrick Steuber','2018-02-18 22:33:09','2020-06-26 20:02:28'),
	(13,'директор','Dr. Piper Von','2011-06-13 20:10:55','2020-07-23 09:06:37'),
	(14,'генеральный_директор','Ella Tillman','2017-07-09 09:32:57','2020-11-09 10:18:31'),
	(15,'генеральный_директор','Josh Rath','2015-02-27 08:32:00','2020-05-09 22:17:11'),
	(16,'директор','Elyse Kohler DVM','2011-12-24 01:17:57','2021-01-26 12:42:52'),
	(17,'генеральный_директор','Omer Boyer','2011-05-17 16:42:17','2020-10-30 04:10:26'),
	(18,'генеральный_директор','Herta Wintheiser','2021-03-24 21:30:21','2021-02-19 13:38:47'),
	(19,'генеральный_директор','Mrs. Lily Littel I','2014-09-20 20:04:09','2020-07-13 04:48:42'),
	(20,'генеральный_директор','Prof. Cullen Heller','2019-06-13 22:36:01','2021-02-27 20:09:26');

INSERT INTO lease_contract VALUES 
	(1,'УМ-8863875367591','2017-03-28','2017-02-10 00:00:00','2020-07-15 00:00:00'),
	(2,'УМ-2659214388855','2017-06-24','2017-02-06 00:00:00','2020-08-01 00:00:00'),
	(3,'УМ-1184045194944','2017-05-24','2017-03-30 00:00:00','2020-12-26 00:00:00'),
	(4,'УМ-7514655533583','2017-08-14','2017-03-13 00:00:00','2020-11-29 00:00:00'),
	(5,'УМ-2857405163995','2017-10-29','2017-11-20 00:00:00','2020-01-10 00:00:00'),
	(6,'УМ-5650256956481','2017-09-17','2017-02-20 00:00:00','2020-08-26 00:00:00'),
	(7,'УМ-1700680757384','2017-10-14','2017-12-21 00:00:00','2020-05-22 00:00:00'),
	(8,'УМ-4781446486868','2017-04-22','2017-08-12 00:00:00','2020-10-15 00:00:00'),
	(9,'УМ-8439114224057','2017-06-20','2017-06-03 00:00:00','2020-09-10 00:00:00'),
	(10,'УМ-7683766856802','2017-02-20','2017-02-14 00:00:00','2020-01-18 00:00:00'),
	(11,'УМ-1944376891888','2017-09-25','2017-09-11 00:00:00','2020-01-04 00:00:00'),
	(12,'УМ-7831647799766','2017-09-22','2017-01-25 00:00:00','2020-04-30 00:00:00'),
	(13,'УМ-2675731718357','2016-06-01','2016-07-09 00:00:00','2020-03-15 00:00:00'),
	(14,'УМ-7154459729029','2015-10-19','2015-02-18 00:00:00','2020-03-04 00:00:00'),
	(15,'УМ-1764076282607','2018-12-29','2018-08-27 00:00:00','2020-10-24 00:00:00'),
	(16,'УМ-3945786919733','2013-11-06','2013-05-03 00:00:00','2020-04-10 00:00:00'),
	(17,'УМ-0643260139716','2011-07-17','2011-06-23 00:00:00','2020-06-27 00:00:00'),
	(18,'УМ-0996250401240','2006-06-10','2006-01-04 00:00:00','2020-12-26 00:00:00'),
	(19,'УМ-1651208503061','2013-01-13','2013-04-27 00:00:00','2020-10-11 00:00:00'),
	(20,'УМ-2361769161905','2011-08-29','2011-11-27 00:00:00','2020-04-09 00:00:00');
    

INSERT INTO trash_cans VALUES 
	(1,1,15.28,5,'2019-02-13 21:53:21','2020-07-26 06:24:19'),
    (2,5,5.06,2,'2017-02-08 16:13:32','2018-11-20 13:39:28'),
	(3,5,13.00,3,'2019-12-28 18:01:21','2021-01-11 15:52:04'),
    (4,5,3.16,4,'2016-02-19 02:05:23','2018-10-04 19:26:52'),
	(5,5,4.21,5,'2015-10-16 10:42:56','2020-04-07 04:54:53'),
    (6,5,17.96,6,'2018-03-13 08:06:51','2019-06-16 20:11:29'),
	(7,5,14.44,7,'2015-08-19 18:26:33','2017-02-17 13:00:16'),
    (8,5,12.17,8,'2013-06-02 18:28:04','2017-11-09 16:06:02'),
	(9,5,7.42,9,'2019-08-20 06:08:59','2020-04-29 06:39:33'),
    (10,5,2.10,10,'2012-06-08 12:40:28','2019-01-29 15:09:57'),
	(11,5,10.45,11,'2018-05-06 18:28:57','2020-04-01 02:21:12'),
    (12,5,4.20,12,'2015-09-28 09:09:46','2018-12-30 01:17:40'),
	(13,1,11.90,13,'2018-08-18 14:02:06','2019-10-26 08:12:45'),
    (14,5,18.89,14,'2017-08-02 10:05:21','2018-01-13 22:51:22'),
	(15,5,15.19,15,'2014-04-09 09:31:26','2018-10-25 03:09:23'),
    (16,5,15.73,16,'2016-02-26 22:15:08','2018-06-17 18:49:57'),
	(17,5,13.20,17,'2018-09-15 03:25:24','2019-01-30 01:33:24'),
    (18,5,17.01,18,'2015-09-18 21:25:00','2016-12-05 01:43:26'),
	(19,1,13.16,19,'2015-04-05 02:49:29','2020-04-02 21:41:22'),
    (20,5,15.41,20,'2011-10-26 11:13:50','2015-09-06 21:29:50'),
	(21,5,2.88,1,'2015-02-25 04:03:18','2016-05-09 11:54:55'),
    (22,5,10.00,2,'2015-06-22 21:51:21','2019-06-23 17:37:23'),
	(23,5,18.67,3,'2013-09-12 22:19:31','2014-10-26 12:24:17'),
    (24,4,15.74,4,'2016-09-25 01:33:50','2019-08-14 18:14:54'),
	(25,1,0.77,5,'2012-06-22 05:16:15','2018-06-10 14:45:55'),
    (26,5,5.90,6,'2015-09-09 19:18:47','2019-03-16 01:42:44'),
	(27,1,9.12,7,'2015-07-29 12:01:20','2016-03-16 05:25:26'),
    (28,5,17.22,8,'2016-10-16 12:56:44','2019-06-20 17:19:35'),
	(29,5,2.36,9,'2015-10-16 01:27:39','2019-03-01 02:35:44'),
    (30,5,10.31,10,'2014-04-21 14:36:33','209-11-20 07:49:44'),
	(31,1,15.02,11,'2018-04-17 18:51:17','2019-09-01 04:12:07'),
    (32,5,2.60,12,'2018-08-22 16:00:58','2019-10-12 00:28:46'),
	(33,5,19.10,13,'2011-05-24 18:05:24','2012-08-26 11:54:32'),
    (34,4,10.46,14,'2019-12-14 09:19:36','2020-12-08 12:41:30'),
	(35,1,18.91,15,'2015-08-03 23:34:08','2016-05-23 00:02:25'),
    (36,5,4.27,16,'2018-06-23 19:54:56','2020-01-17 20:50:03'),
	(37,5,12.24,17,'2018-05-13 21:06:14','2019-05-27 05:34:38'),
    (38,5,19.94,18,'2018-07-04 16:09:19','2019-09-28 08:18:26'),
	(39,4,2.59,19,'2015-10-09 19:30:59','2016-01-10 14:50:13'),
    (40,5,12.95,20,'2013-12-26 12:08:58','2019-04-05 16:40:38');

INSERT INTO contacts_companies VALUES 
	(1,1,'эколог'),(16,1,'эколог'),(2,2,'эколог'),(17,2,'эколог'),
	(3,3,'эколог'),(18,3,'эколог'),(4,4,'эколог'),
	(19,4,'эколог'),(5,5,'эколог'),(20,5,'эколог'),
	(6,6,'главный энергетик'),(7,7,'эколог'),(8,8,'главный энергетик'),
	(9,9,'эколог'),(10,10,'главный энергетик'),(11,11,'главный инженер'),
	(12,12,'главный энергетик'),(13,13,'эколог'),(14,14,'главный энергетик'),
	(15,15,'главный инженер');

INSERT INTO waste_companies VALUES 
	(1,1),(1,5),(1,7),(1,11),(1,13),(2,2),(2,6),(2,8),(2,12),(2,14),(3,1),(3,3),
	(3,7),(3,9),(3,13),(4,2),(4,4),(4,8),(4,10),(4,14),(5,1),(5,3),(5,5),(5,9),
	(5,11),(6,2),(6,4),(6,6),(6,10),(6,12),(7,3),(7,5),(7,7),(7,11),(7,13),(8,4),
	(8,6),(8,8),(8,12),(8,14),(9,1),(9,5),(9,7),(9,9),(9,13),(10,2),(10,6),(10,8),
	(10,10),(10,14),(11,1),(11,3),(11,7),(11,9),(11,11),(12,2),(12,4),(12,8),(12,10),
	(12,12),(13,3),(13,5),(13,9),(13,11),(13,13),(14,4),(14,6),(14,10),(14,12),(14,14),
	(15,1),(15,5),(15,7),(15,11),(15,13),(16,2),(16,6),(16,8),(16,12),(16,14),(17,1),
	(17,3),(17,7),(17,9),(17,13),(18,2),(18,4),(18,8),(18,10),(18,14),(19,1),(19,3),
	(19,5),(19,9),(19,11),(20,2),(20,4),(20,6),(20,10),(20,12);

INSERT INTO trash_cans_companies VALUES 
	(1,1),(1,21),(2,2),(2,22),(3,3),(3,23),(4,4),(4,24),(5,5),(5,25),(6,6),(6,26),(7,7),
	(7,27),(8,8),(8,28),(9,9),(9,29),(10,10),(10,30),(11,11),(11,31),(12,12),(12,32),(13,13),
	(13,33),(14,14),(14,34),(15,15),(15,35),(16,16),(16,36),(17,17),(17,37),(18,18),(18,38),
	(19,19),(19,39),(20,20),(20,40);

INSERT INTO workshops_companies VALUES 
	(1,12),(1,11),(2,2),(3,3),(4,8),(5,15),(6,20),(7,7),
	(7,17),(8,1),(8,8),(9,9),(10,20),(10,3),(11,11), (12,12),(13,13),
	(13,3),(14,14),(15,15),(16,16),(16,6),(17,17),(17,4),(18,18),(19,9),(19,3),(19,4),(20,10);

INSERT INTO coming_out (`dump_date`,`trash_can_id`, `is_paid`)
VALUES
	('2021-03-05', 1, 1), ('2021-03-05', 2, 1), ('2021-03-05', 3, 1),
    ('2021-03-05', 4, 1), ('2021-03-05', 5, 1), ('2021-03-05', 6, 1),
    ('2021-03-05', 7, 1), ('2021-03-05', 8, 1), ('2021-03-05', 9, 1),
    ('2021-03-05', 10, 1), ('2021-03-05', 11, 1), ('2021-03-05', 12, 1),
    ('2021-04-05', 13, 1), ('2021-04-05', 14, 1), ('2021-04-05', 15, 1),
    ('2021-04-05', 16, 1), ('2021-04-05', 17, 1), ('2021-04-05', 18, 1),
    ('2021-04-05', 19, 1), ('2021-04-05', 20, 1), ('2021-04-05', 21, 1);
    
 
INSERT INTO coming_out (`dump_date`,`trash_can_id`)
VALUES
    ('2021-04-05', 22), ('2021-04-05', 23), ('2021-04-05', 24),
    ('2021-04-21', 25), ('2021-04-21', 26), ('2021-04-21', 27),
    ('2021-04-21', 28), ('2021-04-21', 29), ('2021-04-21', 30),
    ('2021-04-21', 31), ('2021-04-21', 32), ('2021-04-21', 33),
    ('2021-04-21', 34), ('2021-04-21', 35), ('2021-04-21', 36),
    ('2021-04-21', 37), ('2021-04-21', 38), ('2021-04-21', 39),
    ('2021-04-21', 40), ('2021-04-21', 1), ('2021-04-21', 2),
    ('2021-04-21', 11), ('2021-04-21', 12), ('2021-04-21', 13),
    ('2021-04-21', 19), ('2021-04-21', 6), ('2021-04-21', 4);

